{
  "aor": 0.003157692307692308,
  "aqi": 0.002755596153846153,
  "bids_meta": {
    "EchoTime": 0.05,
    "InstitutionName": "University of Wisconsin-Madison",
    "NumberOfVolumesDiscardedByScanner": 0,
    "NumberOfVolumesDiscardedByUser": 10,
    "PulseSequenceType": "Gradient Echo EPI",
    "RepetitionTime": 2.0,
    "SliceTiming": [
      0.0,
      1.0,
      0.06666666666666667,
      1.0666666666666667,
      0.13333333333333333,
      1.1333333333333333,
      0.2,
      1.2,
      0.26666666666666666,
      1.2666666666666666,
      0.3333333333333333,
      1.3333333333333333,
      0.4,
      1.4,
      0.4666666666666667,
      1.4666666666666666,
      0.5333333333333333,
      1.5333333333333332,
      0.6,
      1.6,
      0.6666666666666666,
      1.6666666666666667,
      0.7333333333333333,
      1.7333333333333334,
      0.8,
      1.8,
      0.8666666666666667,
      1.8666666666666667,
      0.9333333333333333,
      1.9333333333333333
    ],
    "TaskDescription": "Subjects viewed a total of 90 stimuli drawn from three categories: 30 famous\n        people, 30 famous locations, and 30 common objects. They then indicated (on a\n        four-point Likert scale, using a stimulus-response box) how much they\n        liked the celebrity, how much they would like to visit the location, or how\n        often they encountered the object in everyday life. Each stimulus was presented\n        one time only, for a total of 90 randomly ordered stimulus presentations. Each\n        LTM trial consisted of a cue period (2 s), a stimulus period (5 s), and a\n        judgment period (3 s). After each trial, subjects performed an arithmetic task\n        (16 s) to reduce interference between trials",
    "TaskName": "LTM",
    "dataset": "ds001497",
    "modality": "bold",
    "run_id": 2,
    "subject_id": "03",
    "task_id": "LTM"
  },
  "dummy_trs": 0,
  "dvars_nstd": 16.003223866546385,
  "dvars_std": 1.220198999948454,
  "dvars_vstd": 1.019565121030928,
  "efc": 0.44097720713740624,
  "fber": 4427.1181640625,
  "fd_mean": 0.054043810473555366,
  "fd_num": 4,
  "fd_perc": 2.051282051282051,
  "fwhm_avg": 2.023045277777778,
  "fwhm_x": 1.9901173333333333,
  "fwhm_y": 2.140056,
  "fwhm_z": 1.9389625,
  "gcor": 0.0523325,
  "gsr_x": -0.016700632870197296,
  "gsr_y": 0.02367580682039261,
  "provenance": {
    "md5sum": "506fb6899d797966b28744df76d001bb",
    "settings": {
      "fd_thres": 0.2,
      "testing": false
    },
    "software": "mriqc",
    "version": "22.0.1",
    "webapi_port": null,
    "webapi_url": "https://mriqc.nimh.nih.gov/api/v1"
  },
  "size_t": 195,
  "size_x": 64,
  "size_y": 64,
  "size_z": 30,
  "snr": 6.219177240428091,
  "spacing_tr": 2.0,
  "spacing_x": 3.75,
  "spacing_y": 3.75,
  "spacing_z": 4.0,
  "summary_bg_k": 54.715148843926954,
  "summary_bg_mad": 141.1095324441998,
  "summary_bg_mean": 484.8072204589844,
  "summary_bg_median": 202.70001220703125,
  "summary_bg_n": 81984.0,
  "summary_bg_p05": 98.83589935302734,
  "summary_bg_p95": 1886.540606689452,
  "summary_bg_stdv": 774.6463623046875,
  "summary_fg_k": 0.30773074716352067,
  "summary_fg_mad": 2309.525777657695,
  "summary_fg_mean": 14218.2783203125,
  "summary_fg_median": 14171.1826171875,
  "summary_fg_n": 15176.0,
  "summary_fg_p05": 10682.095458984375,
  "summary_fg_p95": 17989.7373046875,
  "summary_fg_stdv": 2278.551513671875,
  "tsnr": 92.44791059289128
}